bucket,pdf
0,0.6459176830025585
1,0.05751922965465279
2,0.027695670533296902
3,0.018173990080892884
4,0.012874967916076736
5,0.00965415600652442
6,0.008445316575175736
7,0.006805931592935741
8,0.005754406882105037
9,0.005100308833635543
10,0.004495889117961201
11,0.0040819030113349395
12,0.003643077738311102
13,0.0035520007948533247
14,0.003055217466901811
15,0.003320168575142618
16,0.0032953294087450426
17,0.002765427192263428
18,0.0025584341389502966
19,0.0027902663586610033
20,0.002384559974167267
21,0.0026163921938779735
22,0.002202406087251712
23,0.002202406087251712
24,0.0019788535896735305
25,0.0022272452536492874
26,0.0019043360904808034
27,0.001780140258492925
28,0.0019540144232759547
29,0.0018049794248905008
30,0.001854657757685652
31,0.0016311052601074708
32,0.0016228255379749455
33,0.0015897066494448447
34,0.001349594707601613
35,0.0015483080387822185
36,0.0014903499838545419
37,0.0014075527625292896
38,0.0015897066494448447
39,0.001564867483047269
40,0.001175720542818583
41,0.001101203043625856
42,0.001217119153481209
43,0.0011177624878909063
44,0.0010598044329632298
45,0.0010018463780355532
46,0.0011177624878909063
47,0.0011674408206860578
48,0.0010929233214933306
49,8.859302681801999E-4
50,0.0010184058223006037
51,0.001034965266565654
52,0.0010846435993608055
53,9.687274895054522E-4
54,0.0010101261001680783
55,8.279722132525232E-4
56,7.368952697947457E-4
57,7.617344361923214E-4
58,9.604477673729269E-4
59,7.368952697947457E-4
60,7.617344361923214E-4
61,7.948533247224223E-4
62,8.362519353850485E-4
63,7.534547140597962E-4
64,7.037763812646448E-4
65,6.706574927345439E-4
66,6.375386042044429E-4
67,7.617344361923214E-4
68,7.865736025898971E-4
69,6.954966591321195E-4
70,7.451749919272709E-4
71,5.878602714092915E-4
72,7.037763812646448E-4
73,5.381819386141401E-4
74,6.78937214867069E-4
75,6.706574927345439E-4
76,6.126994378068672E-4
77,6.954966591321195E-4
78,6.540980484694934E-4
79,6.209791599393925E-4
80,5.216224943490897E-4
81,6.209791599393925E-4
82,6.375386042044429E-4
83,6.540980484694934E-4
84,4.967833279515139E-4
85,5.547413828791906E-4
86,5.878602714092915E-4
87,5.713008271442411E-4
88,4.139861066262616E-4
89,4.0570638449373636E-4
90,5.381819386141401E-4
91,4.7194416155393827E-4
92,4.4710499515636257E-4
93,4.3054555089131207E-4
94,3.394686074335345E-4
95,4.4710499515636257E-4
96,3.643077738311102E-4
97,4.4710499515636257E-4
98,3.808672180961607E-4
99,3.2290916316848406E-4
100,6.540980484694934E-4
101,5.050630500840392E-4
102,4.0570638449373636E-4
103,4.388252730238373E-4
104,4.139861066262616E-4
105,4.0570638449373636E-4
106,3.9742666236121117E-4
107,4.0570638449373636E-4
108,4.3054555089131207E-4
109,4.0570638449373636E-4
110,4.7194416155393827E-4
111,3.311888853010093E-4
112,3.4774832956605976E-4
113,3.891469402286859E-4
114,3.394686074335345E-4
115,3.808672180961607E-4
116,3.2290916316848406E-4
117,2.9806999677090836E-4
118,3.311888853010093E-4
119,3.56028051698585E-4
120,3.4774832956605976E-4
121,3.56028051698585E-4
122,3.56028051698585E-4
123,2.566713861082822E-4
124,2.815105525058579E-4
125,4.0570638449373636E-4
126,3.4774832956605976E-4
127,3.146294410359588E-4
128,4.0570638449373636E-4
129,2.815105525058579E-4
130,3.643077738311102E-4
131,3.56028051698585E-4
132,1.9043360904808036E-4
133,2.069930533131308E-4
134,3.4774832956605976E-4
135,2.6495110824080746E-4
136,2.815105525058579E-4
137,2.318322197107065E-4
138,2.2355249757818128E-4
139,2.815105525058579E-4
140,2.9806999677090836E-4
141,2.318322197107065E-4
142,2.9806999677090836E-4
143,3.146294410359588E-4
144,3.2290916316848406E-4
145,2.4011194184323173E-4
146,3.063497189034336E-4
147,1.6559444265050466E-4
148,2.1527277544565603E-4
149,3.063497189034336E-4
150,2.6495110824080746E-4
151,2.815105525058579E-4
152,1.821538869155551E-4
153,1.9871333118060558E-4
154,2.069930533131308E-4
155,2.7323083037333266E-4
156,2.069930533131308E-4
157,2.4011194184323173E-4
158,1.821538869155551E-4
159,1.9871333118060558E-4
160,2.318322197107065E-4
161,2.2355249757818128E-4
162,1.9043360904808036E-4
163,2.1527277544565603E-4
164,2.2355249757818128E-4
165,2.566713861082822E-4
166,1.821538869155551E-4
167,1.7387416478302988E-4
168,2.4011194184323173E-4
169,2.566713861082822E-4
170,2.2355249757818128E-4
171,2.2355249757818128E-4
172,1.821538869155551E-4
173,2.4011194184323173E-4
174,1.9043360904808036E-4
175,1.821538869155551E-4
176,2.4839166397575696E-4
177,1.6559444265050466E-4
178,1.0763638772282802E-4
179,1.6559444265050466E-4
180,1.4903499838545418E-4
181,1.6559444265050466E-4
182,1.7387416478302988E-4
183,1.0763638772282802E-4
184,1.9043360904808036E-4
185,1.4903499838545418E-4
186,1.9871333118060558E-4
187,1.9043360904808036E-4
188,1.821538869155551E-4
189,1.573147205179794E-4
190,1.6559444265050466E-4
191,2.318322197107065E-4
192,1.6559444265050466E-4
193,1.6559444265050466E-4
194,2.318322197107065E-4
195,1.2419583198787848E-4
196,1.7387416478302988E-4
197,2.069930533131308E-4
198,2.069930533131308E-4
199,1.9871333118060558E-4
200,1.821538869155551E-4
201,1.4075527625292896E-4
202,1.0763638772282802E-4
203,1.3247555412040373E-4
204,1.4075527625292896E-4
205,1.573147205179794E-4
206,2.1527277544565603E-4
207,1.4903499838545418E-4
208,1.7387416478302988E-4
209,1.7387416478302988E-4
210,1.821538869155551E-4
211,1.2419583198787848E-4
212,1.1591610985535325E-4
213,2.318322197107065E-4
214,1.0763638772282802E-4
215,1.4075527625292896E-4
216,9.107694345777755E-5
217,1.4075527625292896E-4
218,1.0763638772282802E-4
219,1.1591610985535325E-4
220,1.7387416478302988E-4
221,9.107694345777755E-5
222,1.9871333118060558E-4
223,1.573147205179794E-4
224,1.7387416478302988E-4
225,1.573147205179794E-4
226,1.4075527625292896E-4
227,9.107694345777755E-5
228,1.7387416478302988E-4
229,1.1591610985535325E-4
230,1.2419583198787848E-4
231,1.6559444265050466E-4
232,1.6559444265050466E-4
233,1.1591610985535325E-4
234,1.2419583198787848E-4
235,1.3247555412040373E-4
236,1.3247555412040373E-4
237,9.935666559030279E-5
238,1.6559444265050466E-4
239,2.1527277544565603E-4
240,1.0763638772282802E-4
241,9.935666559030279E-5
242,1.0763638772282802E-4
243,1.4903499838545418E-4
244,1.3247555412040373E-4
245,9.107694345777755E-5
246,9.107694345777755E-5
247,1.2419583198787848E-4
248,5.795805492767663E-5
249,1.0763638772282802E-4
250,1.573147205179794E-4
251,8.279722132525233E-5
252,1.4903499838545418E-4
253,1.0763638772282802E-4
254,1.0763638772282802E-4
255,1.573147205179794E-4
256,8.279722132525233E-5
257,1.4903499838545418E-4
258,9.107694345777755E-5
259,1.2419583198787848E-4
260,9.935666559030279E-5
261,1.4903499838545418E-4
262,1.3247555412040373E-4
263,1.3247555412040373E-4
264,9.107694345777755E-5
265,1.4075527625292896E-4
266,1.1591610985535325E-4
267,1.1591610985535325E-4
268,1.1591610985535325E-4
269,9.935666559030279E-5
270,1.4903499838545418E-4
271,1.4903499838545418E-4
272,8.279722132525233E-5
273,1.1591610985535325E-4
274,1.2419583198787848E-4
275,9.107694345777755E-5
276,1.4903499838545418E-4
277,9.107694345777755E-5
278,7.451749919272709E-5
279,1.2419583198787848E-4
280,7.451749919272709E-5
281,6.623777706020187E-5
282,1.7387416478302988E-4
283,1.4903499838545418E-4
284,8.279722132525233E-5
285,1.0763638772282802E-4
286,1.2419583198787848E-4
287,1.573147205179794E-4
288,9.935666559030279E-5
289,9.935666559030279E-5
290,1.0763638772282802E-4
291,7.451749919272709E-5
292,7.451749919272709E-5
293,1.4075527625292896E-4
294,1.1591610985535325E-4
295,1.4075527625292896E-4
296,1.4903499838545418E-4
297,7.451749919272709E-5
298,1.4075527625292896E-4
299,1.1591610985535325E-4
300,1.1591610985535325E-4
301,9.107694345777755E-5
302,9.935666559030279E-5
303,9.935666559030279E-5
304,1.0763638772282802E-4
305,9.935666559030279E-5
306,1.0763638772282802E-4
307,9.935666559030279E-5
308,9.107694345777755E-5
309,1.4903499838545418E-4
310,8.279722132525233E-5
311,9.107694345777755E-5
312,9.935666559030279E-5
313,7.451749919272709E-5
314,7.451749919272709E-5
315,6.623777706020187E-5
316,9.107694345777755E-5
317,1.0763638772282802E-4
318,8.279722132525233E-5
319,9.107694345777755E-5
320,7.451749919272709E-5
321,4.9678332795151396E-5
322,6.623777706020187E-5
323,1.4075527625292896E-4
324,6.623777706020187E-5
325,6.623777706020187E-5
326,4.9678332795151396E-5
327,1.1591610985535325E-4
328,8.279722132525233E-5
329,1.7387416478302988E-4
330,6.623777706020187E-5
331,5.795805492767663E-5
332,9.107694345777755E-5
333,5.795805492767663E-5
334,8.279722132525233E-5
335,1.1591610985535325E-4
336,1.0763638772282802E-4
337,9.935666559030279E-5
338,5.795805492767663E-5
339,1.4903499838545418E-4
340,9.107694345777755E-5
341,4.1398610662626164E-5
342,6.623777706020187E-5
343,1.3247555412040373E-4
344,6.623777706020187E-5
345,1.0763638772282802E-4
346,8.279722132525233E-5
347,9.107694345777755E-5
348,9.107694345777755E-5
349,7.451749919272709E-5
350,8.279722132525233E-5
351,5.795805492767663E-5
352,8.279722132525233E-5
353,6.623777706020187E-5
354,5.795805492767663E-5
355,6.623777706020187E-5
356,9.107694345777755E-5
357,1.6559444265050466E-4
358,9.935666559030279E-5
359,7.451749919272709E-5
360,4.1398610662626164E-5
361,9.107694345777755E-5
362,1.3247555412040373E-4
363,8.279722132525233E-5
364,7.451749919272709E-5
365,5.795805492767663E-5
366,9.935666559030279E-5
367,5.795805492767663E-5
368,9.107694345777755E-5
369,9.935666559030279E-5
370,7.451749919272709E-5
371,9.935666559030279E-5
372,5.795805492767663E-5
373,4.9678332795151396E-5
374,4.9678332795151396E-5
375,6.623777706020187E-5
376,7.451749919272709E-5
377,9.107694345777755E-5
378,8.279722132525233E-5
379,9.935666559030279E-5
380,5.795805492767663E-5
381,9.107694345777755E-5
382,7.451749919272709E-5
383,6.623777706020187E-5
384,6.623777706020187E-5
385,1.0763638772282802E-4
386,5.795805492767663E-5
387,7.451749919272709E-5
388,8.279722132525233E-5
389,1.1591610985535325E-4
390,7.451749919272709E-5
391,5.795805492767663E-5
392,2.4839166397575698E-5
393,8.279722132525233E-5
394,8.279722132525233E-5
395,7.451749919272709E-5
396,6.623777706020187E-5
397,6.623777706020187E-5
398,7.451749919272709E-5
399,6.623777706020187E-5
400,5.795805492767663E-5
401,2.4839166397575698E-5
402,9.107694345777755E-5
403,5.795805492767663E-5
404,4.9678332795151396E-5
405,4.9678332795151396E-5
406,7.451749919272709E-5
407,1.1591610985535325E-4
408,5.795805492767663E-5
409,4.9678332795151396E-5
410,4.9678332795151396E-5
411,4.9678332795151396E-5
412,6.623777706020187E-5
413,7.451749919272709E-5
414,6.623777706020187E-5
415,1.4903499838545418E-4
416,1.2419583198787848E-4
417,9.107694345777755E-5
418,7.451749919272709E-5
419,3.311888853010093E-5
420,4.9678332795151396E-5
421,4.9678332795151396E-5
422,6.623777706020187E-5
423,7.451749919272709E-5
424,1.0763638772282802E-4
425,5.795805492767663E-5
426,9.107694345777755E-5
427,8.279722132525233E-5
428,5.795805492767663E-5
429,1.0763638772282802E-4
430,7.451749919272709E-5
431,6.623777706020187E-5
432,3.311888853010093E-5
433,6.623777706020187E-5
434,7.451749919272709E-5
435,6.623777706020187E-5
436,7.451749919272709E-5
437,3.311888853010093E-5
438,6.623777706020187E-5
439,4.9678332795151396E-5
440,7.451749919272709E-5
441,7.451749919272709E-5
442,4.9678332795151396E-5
443,7.451749919272709E-5
444,9.107694345777755E-5
445,4.9678332795151396E-5
446,5.795805492767663E-5
447,7.451749919272709E-5
448,3.311888853010093E-5
449,7.451749919272709E-5
450,8.279722132525233E-5
451,4.9678332795151396E-5
452,4.9678332795151396E-5
453,6.623777706020187E-5
454,6.623777706020187E-5
455,9.107694345777755E-5
456,4.1398610662626164E-5
457,5.795805492767663E-5
458,6.623777706020187E-5
459,9.107694345777755E-5
460,5.795805492767663E-5
461,7.451749919272709E-5
462,4.1398610662626164E-5
463,3.311888853010093E-5
464,4.9678332795151396E-5
465,6.623777706020187E-5
466,4.1398610662626164E-5
467,4.9678332795151396E-5
468,5.795805492767663E-5
469,9.935666559030279E-5
470,5.795805492767663E-5
471,1.6559444265050466E-5
472,7.451749919272709E-5
473,7.451749919272709E-5
474,2.4839166397575698E-5
475,5.795805492767663E-5
476,6.623777706020187E-5
477,5.795805492767663E-5
478,8.279722132525233E-5
479,3.311888853010093E-5
480,5.795805492767663E-5
481,6.623777706020187E-5
482,6.623777706020187E-5
483,6.623777706020187E-5
484,1.6559444265050466E-5
485,6.623777706020187E-5
486,4.9678332795151396E-5
487,5.795805492767663E-5
488,5.795805492767663E-5
489,1.0763638772282802E-4
490,4.1398610662626164E-5
491,4.9678332795151396E-5
492,2.4839166397575698E-5
493,2.4839166397575698E-5
494,3.311888853010093E-5
495,4.9678332795151396E-5
496,3.311888853010093E-5
497,5.795805492767663E-5
498,4.9678332795151396E-5
499,4.1398610662626164E-5
500,5.795805492767663E-5
501,4.1398610662626164E-5
502,8.279722132525233E-5
503,4.9678332795151396E-5
504,7.451749919272709E-5
505,4.1398610662626164E-5
506,4.9678332795151396E-5
507,6.623777706020187E-5
508,4.1398610662626164E-5
509,3.311888853010093E-5
510,6.623777706020187E-5
511,5.795805492767663E-5
512,2.4839166397575698E-5
513,4.9678332795151396E-5
514,3.311888853010093E-5
515,6.623777706020187E-5
516,4.1398610662626164E-5
517,2.4839166397575698E-5
518,4.1398610662626164E-5
519,5.795805492767663E-5
520,2.4839166397575698E-5
521,3.311888853010093E-5
522,5.795805492767663E-5
523,4.1398610662626164E-5
524,3.311888853010093E-5
525,4.9678332795151396E-5
526,4.9678332795151396E-5
527,3.311888853010093E-5
528,5.795805492767663E-5
529,3.311888853010093E-5
530,3.311888853010093E-5
531,1.6559444265050466E-5
532,4.1398610662626164E-5
533,2.4839166397575698E-5
534,4.9678332795151396E-5
535,2.4839166397575698E-5
536,3.311888853010093E-5
537,4.9678332795151396E-5
538,6.623777706020187E-5
539,4.1398610662626164E-5
540,5.795805492767663E-5
541,4.1398610662626164E-5
542,4.1398610662626164E-5
543,4.1398610662626164E-5
544,4.1398610662626164E-5
545,4.9678332795151396E-5
546,4.1398610662626164E-5
547,2.4839166397575698E-5
548,1.6559444265050466E-5
549,4.1398610662626164E-5
550,3.311888853010093E-5
551,2.4839166397575698E-5
552,3.311888853010093E-5
553,2.4839166397575698E-5
554,4.9678332795151396E-5
555,4.9678332795151396E-5
556,2.4839166397575698E-5
557,8.279722132525233E-6
558,5.795805492767663E-5
559,2.4839166397575698E-5
560,3.311888853010093E-5
561,3.311888853010093E-5
562,5.795805492767663E-5
563,4.1398610662626164E-5
564,3.311888853010093E-5
565,5.795805492767663E-5
566,4.1398610662626164E-5
567,4.1398610662626164E-5
568,1.6559444265050466E-5
569,4.1398610662626164E-5
570,6.623777706020187E-5
571,2.4839166397575698E-5
572,5.795805492767663E-5
573,8.279722132525233E-5
574,6.623777706020187E-5
575,2.4839166397575698E-5
576,2.4839166397575698E-5
577,3.311888853010093E-5
578,4.9678332795151396E-5
579,3.311888853010093E-5
580,6.623777706020187E-5
581,4.1398610662626164E-5
582,2.4839166397575698E-5
583,2.4839166397575698E-5
584,3.311888853010093E-5
585,5.795805492767663E-5
586,9.107694345777755E-5
587,4.1398610662626164E-5
588,7.451749919272709E-5
589,1.6559444265050466E-5
590,3.311888853010093E-5
591,3.311888853010093E-5
592,9.107694345777755E-5
593,4.9678332795151396E-5
594,4.9678332795151396E-5
595,3.311888853010093E-5
596,3.311888853010093E-5
597,2.4839166397575698E-5
598,2.4839166397575698E-5
599,6.623777706020187E-5
600,2.4839166397575698E-5
601,3.311888853010093E-5
602,6.623777706020187E-5
603,4.9678332795151396E-5
604,4.1398610662626164E-5
605,6.623777706020187E-5
606,3.311888853010093E-5
608,7.451749919272709E-5
609,1.6559444265050466E-5
610,4.9678332795151396E-5
611,4.1398610662626164E-5
612,3.311888853010093E-5
613,1.6559444265050466E-5
614,5.795805492767663E-5
615,6.623777706020187E-5
616,4.1398610662626164E-5
617,3.311888853010093E-5
618,5.795805492767663E-5
619,3.311888853010093E-5
620,1.6559444265050466E-5
621,2.4839166397575698E-5
622,2.4839166397575698E-5
623,7.451749919272709E-5
625,1.6559444265050466E-5
626,4.9678332795151396E-5
627,2.4839166397575698E-5
628,4.1398610662626164E-5
629,3.311888853010093E-5
630,1.6559444265050466E-5
631,5.795805492767663E-5
632,3.311888853010093E-5
633,4.9678332795151396E-5
634,3.311888853010093E-5
635,2.4839166397575698E-5
636,4.1398610662626164E-5
637,2.4839166397575698E-5
638,4.9678332795151396E-5
639,6.623777706020187E-5
640,2.4839166397575698E-5
641,4.9678332795151396E-5
642,4.9678332795151396E-5
643,4.1398610662626164E-5
644,2.4839166397575698E-5
645,4.1398610662626164E-5
646,4.9678332795151396E-5
647,3.311888853010093E-5
648,4.1398610662626164E-5
649,3.311888853010093E-5
650,4.1398610662626164E-5
651,3.311888853010093E-5
652,5.795805492767663E-5
653,4.1398610662626164E-5
654,3.311888853010093E-5
655,6.623777706020187E-5
656,4.1398610662626164E-5
657,6.623777706020187E-5
658,2.4839166397575698E-5
659,4.1398610662626164E-5
660,2.4839166397575698E-5
661,5.795805492767663E-5
662,4.1398610662626164E-5
663,2.4839166397575698E-5
664,3.311888853010093E-5
665,4.9678332795151396E-5
666,1.6559444265050466E-5
667,4.1398610662626164E-5
668,2.4839166397575698E-5
669,4.9678332795151396E-5
670,1.6559444265050466E-5
671,4.1398610662626164E-5
672,2.4839166397575698E-5
673,8.279722132525233E-6
674,4.9678332795151396E-5
675,5.795805492767663E-5
676,4.9678332795151396E-5
677,4.9678332795151396E-5
678,2.4839166397575698E-5
679,3.311888853010093E-5
680,4.1398610662626164E-5
681,3.311888853010093E-5
682,4.9678332795151396E-5
683,5.795805492767663E-5
684,4.9678332795151396E-5
685,2.4839166397575698E-5
686,4.9678332795151396E-5
687,3.311888853010093E-5
688,5.795805492767663E-5
689,4.9678332795151396E-5
690,4.9678332795151396E-5
691,1.6559444265050466E-5
692,8.279722132525233E-6
693,8.279722132525233E-6
694,3.311888853010093E-5
695,3.311888853010093E-5
696,3.311888853010093E-5
697,3.311888853010093E-5
698,5.795805492767663E-5
699,6.623777706020187E-5
700,4.1398610662626164E-5
701,2.4839166397575698E-5
702,4.1398610662626164E-5
703,3.311888853010093E-5
704,2.4839166397575698E-5
705,4.9678332795151396E-5
706,4.1398610662626164E-5
707,4.1398610662626164E-5
708,3.311888853010093E-5
709,4.1398610662626164E-5
710,3.311888853010093E-5
711,2.4839166397575698E-5
712,5.795805492767663E-5
713,1.6559444265050466E-5
714,4.1398610662626164E-5
715,1.6559444265050466E-5
716,2.4839166397575698E-5
717,1.6559444265050466E-5
718,3.311888853010093E-5
719,5.795805492767663E-5
720,3.311888853010093E-5
721,3.311888853010093E-5
722,1.0763638772282802E-4
723,3.311888853010093E-5
724,2.4839166397575698E-5
725,4.1398610662626164E-5
726,1.6559444265050466E-5
727,3.311888853010093E-5
728,8.279722132525233E-6
729,2.4839166397575698E-5
730,1.6559444265050466E-5
731,3.311888853010093E-5
732,2.4839166397575698E-5
733,8.279722132525233E-6
734,1.6559444265050466E-5
735,4.1398610662626164E-5
736,3.311888853010093E-5
737,8.279722132525233E-6
738,3.311888853010093E-5
739,3.311888853010093E-5
740,1.6559444265050466E-5
741,2.4839166397575698E-5
742,2.4839166397575698E-5
743,4.1398610662626164E-5
744,4.1398610662626164E-5
745,2.4839166397575698E-5
746,8.279722132525233E-6
747,5.795805492767663E-5
748,8.279722132525233E-6
749,3.311888853010093E-5
750,7.451749919272709E-5
751,4.9678332795151396E-5
752,4.1398610662626164E-5
753,2.4839166397575698E-5
754,1.6559444265050466E-5
755,1.6559444265050466E-5
756,2.4839166397575698E-5
757,4.1398610662626164E-5
758,4.9678332795151396E-5
759,2.4839166397575698E-5
760,3.311888853010093E-5
761,3.311888853010093E-5
763,5.795805492767663E-5
765,2.4839166397575698E-5
766,3.311888853010093E-5
767,3.311888853010093E-5
768,2.4839166397575698E-5
769,8.279722132525233E-6
770,1.6559444265050466E-5
771,8.279722132525233E-6
772,2.4839166397575698E-5
773,1.6559444265050466E-5
774,2.4839166397575698E-5
775,4.9678332795151396E-5
776,3.311888853010093E-5
777,2.4839166397575698E-5
778,2.4839166397575698E-5
779,3.311888853010093E-5
780,4.1398610662626164E-5
781,1.6559444265050466E-5
782,1.6559444265050466E-5
783,4.1398610662626164E-5
784,8.279722132525233E-6
785,2.4839166397575698E-5
786,1.6559444265050466E-5
787,8.279722132525233E-6
788,1.6559444265050466E-5
789,1.6559444265050466E-5
790,8.279722132525233E-6
792,8.279722132525233E-6
793,4.1398610662626164E-5
794,1.6559444265050466E-5
795,2.4839166397575698E-5
796,2.4839166397575698E-5
797,5.795805492767663E-5
798,3.311888853010093E-5
799,2.4839166397575698E-5
800,3.311888853010093E-5
801,3.311888853010093E-5
802,8.279722132525233E-6
803,8.279722132525233E-6
804,3.311888853010093E-5
805,2.4839166397575698E-5
806,3.311888853010093E-5
807,3.311888853010093E-5
808,3.311888853010093E-5
809,2.4839166397575698E-5
810,2.4839166397575698E-5
811,1.6559444265050466E-5
812,8.279722132525233E-6
813,1.6559444265050466E-5
814,8.279722132525233E-6
815,3.311888853010093E-5
816,5.795805492767663E-5
817,8.279722132525233E-6
818,2.4839166397575698E-5
819,4.9678332795151396E-5
820,2.4839166397575698E-5
821,3.311888853010093E-5
822,2.4839166397575698E-5
823,2.4839166397575698E-5
824,4.1398610662626164E-5
825,2.4839166397575698E-5
827,1.6559444265050466E-5
828,3.311888853010093E-5
829,1.6559444265050466E-5
830,1.6559444265050466E-5
831,1.6559444265050466E-5
832,4.1398610662626164E-5
833,2.4839166397575698E-5
834,1.6559444265050466E-5
835,4.9678332795151396E-5
836,4.1398610662626164E-5
837,1.6559444265050466E-5
838,3.311888853010093E-5
839,4.9678332795151396E-5
840,2.4839166397575698E-5
841,2.4839166397575698E-5
842,1.6559444265050466E-5
843,8.279722132525233E-6
844,2.4839166397575698E-5
845,2.4839166397575698E-5
846,6.623777706020187E-5
847,2.4839166397575698E-5
848,2.4839166397575698E-5
849,2.4839166397575698E-5
850,8.279722132525233E-6
851,1.6559444265050466E-5
852,1.6559444265050466E-5
854,4.1398610662626164E-5
855,5.795805492767663E-5
856,2.4839166397575698E-5
857,4.1398610662626164E-5
858,8.279722132525233E-6
859,2.4839166397575698E-5
860,1.6559444265050466E-5
861,8.279722132525233E-6
862,2.4839166397575698E-5
863,4.1398610662626164E-5
864,3.311888853010093E-5
865,8.279722132525233E-6
867,8.279722132525233E-6
868,3.311888853010093E-5
869,4.9678332795151396E-5
870,2.4839166397575698E-5
871,2.4839166397575698E-5
872,1.6559444265050466E-5
873,4.1398610662626164E-5
875,8.279722132525233E-6
876,8.279722132525233E-6
877,5.795805492767663E-5
878,4.9678332795151396E-5
879,2.4839166397575698E-5
880,8.279722132525233E-6
881,4.1398610662626164E-5
882,4.1398610662626164E-5
883,1.6559444265050466E-5
884,8.279722132525233E-6
885,4.1398610662626164E-5
886,3.311888853010093E-5
887,3.311888853010093E-5
888,8.279722132525233E-6
889,2.4839166397575698E-5
890,1.6559444265050466E-5
891,2.4839166397575698E-5
892,3.311888853010093E-5
893,2.4839166397575698E-5
895,8.279722132525233E-6
896,1.6559444265050466E-5
897,1.6559444265050466E-5
898,4.1398610662626164E-5
899,4.9678332795151396E-5
900,3.311888853010093E-5
901,8.279722132525233E-6
902,2.4839166397575698E-5
903,8.279722132525233E-6
904,3.311888853010093E-5
905,1.6559444265050466E-5
906,2.4839166397575698E-5
907,4.1398610662626164E-5
908,3.311888853010093E-5
909,1.6559444265050466E-5
910,4.1398610662626164E-5
911,2.4839166397575698E-5
912,1.6559444265050466E-5
913,8.279722132525233E-6
914,1.6559444265050466E-5
915,4.1398610662626164E-5
916,1.6559444265050466E-5
917,2.4839166397575698E-5
918,8.279722132525233E-6
919,4.1398610662626164E-5
920,8.279722132525233E-6
921,2.4839166397575698E-5
922,8.279722132525233E-6
923,3.311888853010093E-5
924,8.279722132525233E-6
925,2.4839166397575698E-5
926,2.4839166397575698E-5
927,8.279722132525233E-6
928,8.279722132525233E-6
930,1.6559444265050466E-5
931,8.279722132525233E-6
932,2.4839166397575698E-5
933,4.1398610662626164E-5
934,8.279722132525233E-6
935,8.279722132525233E-6
936,2.4839166397575698E-5
937,8.279722132525233E-6
938,2.4839166397575698E-5
939,8.279722132525233E-6
940,2.4839166397575698E-5
942,1.6559444265050466E-5
943,2.4839166397575698E-5
944,4.1398610662626164E-5
945,2.4839166397575698E-5
946,4.9678332795151396E-5
947,1.6559444265050466E-5
948,8.279722132525233E-6
949,3.311888853010093E-5
950,8.279722132525233E-6
951,8.279722132525233E-6
954,3.311888853010093E-5
955,4.1398610662626164E-5
956,3.311888853010093E-5
957,2.4839166397575698E-5
958,6.623777706020187E-5
959,2.4839166397575698E-5
961,8.279722132525233E-6
962,3.311888853010093E-5
963,8.279722132525233E-6
965,1.6559444265050466E-5
966,8.279722132525233E-6
967,3.311888853010093E-5
968,3.311888853010093E-5
969,3.311888853010093E-5
970,1.6559444265050466E-5
971,3.311888853010093E-5
973,1.6559444265050466E-5
974,1.6559444265050466E-5
975,1.6559444265050466E-5
976,1.6559444265050466E-5
977,1.6559444265050466E-5
978,3.311888853010093E-5
979,2.4839166397575698E-5
980,1.6559444265050466E-5
981,2.4839166397575698E-5
982,4.1398610662626164E-5
983,8.279722132525233E-6
984,8.279722132525233E-6
985,1.6559444265050466E-5
987,3.311888853010093E-5
988,2.4839166397575698E-5
989,1.6559444265050466E-5
990,2.4839166397575698E-5
991,7.451749919272709E-5
992,2.4839166397575698E-5
993,1.6559444265050466E-5
994,1.6559444265050466E-5
995,2.4839166397575698E-5
996,8.279722132525233E-6
997,1.6559444265050466E-5
998,2.4839166397575698E-5
999,3.311888853010093E-5
1000,1.6559444265050466E-5
1001,2.4839166397575698E-5
1002,1.6559444265050466E-5
1003,1.6559444265050466E-5
1004,4.9678332795151396E-5
1005,3.311888853010093E-5
1006,8.279722132525233E-6
1007,1.6559444265050466E-5
1008,2.4839166397575698E-5
1009,2.4839166397575698E-5
1010,3.311888853010093E-5
1011,8.279722132525233E-6
1012,1.6559444265050466E-5
1013,3.311888853010093E-5
1014,3.311888853010093E-5
1015,1.6559444265050466E-5
1016,4.1398610662626164E-5
1017,2.4839166397575698E-5
1018,2.4839166397575698E-5
1019,3.311888853010093E-5
1020,2.4839166397575698E-5
1021,3.311888853010093E-5
1022,8.279722132525233E-6
1023,8.279722132525233E-6
1024,2.4839166397575698E-5
1025,1.6559444265050466E-5
1027,8.279722132525233E-6
1028,8.279722132525233E-6
1029,8.279722132525233E-6
1030,8.279722132525233E-6
1032,8.279722132525233E-6
1033,8.279722132525233E-6
1035,1.6559444265050466E-5
1036,8.279722132525233E-6
1039,1.6559444265050466E-5
1040,8.279722132525233E-6
1042,2.4839166397575698E-5
1043,2.4839166397575698E-5
1044,1.6559444265050466E-5
1045,1.6559444265050466E-5
1046,8.279722132525233E-6
1047,1.6559444265050466E-5
1048,4.9678332795151396E-5
1049,1.6559444265050466E-5
1050,2.4839166397575698E-5
1051,1.6559444265050466E-5
1052,8.279722132525233E-6
1053,2.4839166397575698E-5
1054,1.6559444265050466E-5
1055,1.6559444265050466E-5
1056,8.279722132525233E-6
1057,3.311888853010093E-5
1058,2.4839166397575698E-5
1059,1.6559444265050466E-5
1060,2.4839166397575698E-5
1062,1.6559444265050466E-5
1063,4.9678332795151396E-5
1064,4.1398610662626164E-5
1065,1.6559444265050466E-5
1067,8.279722132525233E-6
1068,2.4839166397575698E-5
1069,8.279722132525233E-6
1070,1.6559444265050466E-5
1071,1.6559444265050466E-5
1072,8.279722132525233E-6
1073,2.4839166397575698E-5
1074,2.4839166397575698E-5
1076,1.6559444265050466E-5
1077,8.279722132525233E-6
1078,4.1398610662626164E-5
1079,8.279722132525233E-6
1081,1.6559444265050466E-5
1082,8.279722132525233E-6
1083,8.279722132525233E-6
1084,3.311888853010093E-5
1085,3.311888853010093E-5
1086,2.4839166397575698E-5
1087,3.311888853010093E-5
1089,1.6559444265050466E-5
1090,1.6559444265050466E-5
1091,1.6559444265050466E-5
1092,8.279722132525233E-6
1093,1.6559444265050466E-5
1094,8.279722132525233E-6
1095,1.6559444265050466E-5
1096,8.279722132525233E-6
1097,1.6559444265050466E-5
1098,2.4839166397575698E-5
1100,2.4839166397575698E-5
1101,4.9678332795151396E-5
1102,8.279722132525233E-6
1103,4.1398610662626164E-5
1104,1.6559444265050466E-5
1105,5.795805492767663E-5
1106,8.279722132525233E-6
1107,1.6559444265050466E-5
1108,8.279722132525233E-6
1109,1.6559444265050466E-5
1110,8.279722132525233E-6
1111,1.6559444265050466E-5
1112,8.279722132525233E-6
1113,3.311888853010093E-5
1114,8.279722132525233E-6
1115,1.6559444265050466E-5
1116,1.6559444265050466E-5
1117,2.4839166397575698E-5
1118,4.1398610662626164E-5
1119,1.6559444265050466E-5
1120,2.4839166397575698E-5
1122,8.279722132525233E-6
1123,1.6559444265050466E-5
1124,4.1398610662626164E-5
1125,8.279722132525233E-6
1126,2.4839166397575698E-5
1127,8.279722132525233E-6
1128,2.4839166397575698E-5
1130,8.279722132525233E-6
1131,2.4839166397575698E-5
1132,1.6559444265050466E-5
1133,1.6559444265050466E-5
1134,1.6559444265050466E-5
1135,1.6559444265050466E-5
1136,4.9678332795151396E-5
1137,2.4839166397575698E-5
1139,2.4839166397575698E-5
1140,4.1398610662626164E-5
1141,2.4839166397575698E-5
1142,1.6559444265050466E-5
1143,4.1398610662626164E-5
1144,1.6559444265050466E-5
1145,2.4839166397575698E-5
1146,8.279722132525233E-6
1147,8.279722132525233E-6
1149,1.6559444265050466E-5
1150,8.279722132525233E-6
1151,1.6559444265050466E-5
1152,1.6559444265050466E-5
1153,2.4839166397575698E-5
1154,8.279722132525233E-6
1155,1.6559444265050466E-5
1156,2.4839166397575698E-5
1158,2.4839166397575698E-5
1159,1.6559444265050466E-5
1160,8.279722132525233E-6
1162,8.279722132525233E-6
1163,1.6559444265050466E-5
1164,1.6559444265050466E-5
1165,8.279722132525233E-6
1166,2.4839166397575698E-5
1168,8.279722132525233E-6
1169,1.6559444265050466E-5
1170,8.279722132525233E-6
1171,1.6559444265050466E-5
1172,2.4839166397575698E-5
1173,2.4839166397575698E-5
1174,8.279722132525233E-6
1176,8.279722132525233E-6
1177,8.279722132525233E-6
1178,1.6559444265050466E-5
1179,2.4839166397575698E-5
1180,2.4839166397575698E-5
1181,2.4839166397575698E-5
1182,3.311888853010093E-5
1183,8.279722132525233E-6
1184,4.1398610662626164E-5
1185,1.6559444265050466E-5
1186,8.279722132525233E-6
1188,2.4839166397575698E-5
1189,2.4839166397575698E-5
1190,8.279722132525233E-6
1191,1.6559444265050466E-5
1192,8.279722132525233E-6
1194,8.279722132525233E-6
1195,4.1398610662626164E-5
1196,8.279722132525233E-6
1198,1.6559444265050466E-5
1200,8.279722132525233E-6
1201,8.279722132525233E-6
1202,8.279722132525233E-6
1203,8.279722132525233E-6
1204,8.279722132525233E-6
1205,4.9678332795151396E-5
1206,1.6559444265050466E-5
1207,1.6559444265050466E-5
1208,2.4839166397575698E-5
1209,2.4839166397575698E-5
1210,3.311888853010093E-5
1211,1.6559444265050466E-5
1212,1.6559444265050466E-5
1213,2.4839166397575698E-5
1214,8.279722132525233E-6
1216,8.279722132525233E-6
1217,1.6559444265050466E-5
1218,2.4839166397575698E-5
1221,1.6559444265050466E-5
1222,2.4839166397575698E-5
1223,8.279722132525233E-6
1224,8.279722132525233E-6
1227,3.311888853010093E-5
1229,2.4839166397575698E-5
1231,4.1398610662626164E-5
1232,2.4839166397575698E-5
1233,1.6559444265050466E-5
1235,1.6559444265050466E-5
1236,2.4839166397575698E-5
1237,8.279722132525233E-6
1238,8.279722132525233E-6
1239,8.279722132525233E-6
1241,2.4839166397575698E-5
1242,8.279722132525233E-6
1243,1.6559444265050466E-5
1244,2.4839166397575698E-5
1245,1.6559444265050466E-5
1246,8.279722132525233E-6
1247,2.4839166397575698E-5
1249,2.4839166397575698E-5
1250,2.4839166397575698E-5
1252,1.6559444265050466E-5
1253,1.6559444265050466E-5
1254,2.4839166397575698E-5
1255,3.311888853010093E-5
1256,4.1398610662626164E-5
1258,8.279722132525233E-6
1259,8.279722132525233E-6
1262,2.4839166397575698E-5
1263,1.6559444265050466E-5
1264,2.4839166397575698E-5
1265,8.279722132525233E-6
1266,1.6559444265050466E-5
1267,1.6559444265050466E-5
1268,1.6559444265050466E-5
1270,3.311888853010093E-5
1271,1.6559444265050466E-5
1272,2.4839166397575698E-5
1274,4.1398610662626164E-5
1278,8.279722132525233E-6
1279,1.6559444265050466E-5
1280,1.6559444265050466E-5
1281,2.4839166397575698E-5
1282,8.279722132525233E-6
1283,1.6559444265050466E-5
1284,2.4839166397575698E-5
1285,2.4839166397575698E-5
1286,1.6559444265050466E-5
1287,2.4839166397575698E-5
1288,8.279722132525233E-6
1289,1.6559444265050466E-5
1291,1.6559444265050466E-5
1292,8.279722132525233E-6
1293,8.279722132525233E-6
1294,8.279722132525233E-6
1295,8.279722132525233E-6
1296,2.4839166397575698E-5
1298,8.279722132525233E-6
1299,8.279722132525233E-6
1300,1.6559444265050466E-5
1301,8.279722132525233E-6
1302,1.6559444265050466E-5
1303,1.6559444265050466E-5
1304,8.279722132525233E-6
1305,8.279722132525233E-6
1306,2.4839166397575698E-5
1307,8.279722132525233E-6
1309,1.6559444265050466E-5
1310,4.1398610662626164E-5
1311,1.6559444265050466E-5
1316,8.279722132525233E-6
1318,1.6559444265050466E-5
1319,1.6559444265050466E-5
1320,1.6559444265050466E-5
1322,1.6559444265050466E-5
1324,8.279722132525233E-6
1325,2.4839166397575698E-5
1326,2.4839166397575698E-5
1327,8.279722132525233E-6
1328,8.279722132525233E-6
1331,8.279722132525233E-6
1334,8.279722132525233E-6
1335,1.6559444265050466E-5
1336,8.279722132525233E-6
1337,8.279722132525233E-6
1338,3.311888853010093E-5
1340,3.311888853010093E-5
1341,8.279722132525233E-6
1342,8.279722132525233E-6
1343,8.279722132525233E-6
1345,2.4839166397575698E-5
1348,8.279722132525233E-6
1349,8.279722132525233E-6
1351,3.311888853010093E-5
1352,1.6559444265050466E-5
1353,1.6559444265050466E-5
1354,8.279722132525233E-6
1355,8.279722132525233E-6
1356,1.6559444265050466E-5
1357,1.6559444265050466E-5
1358,1.6559444265050466E-5
1359,8.279722132525233E-6
1360,8.279722132525233E-6
1361,8.279722132525233E-6
1363,1.6559444265050466E-5
1364,1.6559444265050466E-5
1365,2.4839166397575698E-5
1367,8.279722132525233E-6
1368,8.279722132525233E-6
1369,8.279722132525233E-6
1370,1.6559444265050466E-5
1373,8.279722132525233E-6
1374,8.279722132525233E-6
1375,1.6559444265050466E-5
1376,8.279722132525233E-6
1377,1.6559444265050466E-5
1378,1.6559444265050466E-5
1380,2.4839166397575698E-5
1381,2.4839166397575698E-5
1382,1.6559444265050466E-5
1383,8.279722132525233E-6
1384,8.279722132525233E-6
1385,2.4839166397575698E-5
1386,8.279722132525233E-6
1388,8.279722132525233E-6
1389,1.6559444265050466E-5
1390,1.6559444265050466E-5
1391,2.4839166397575698E-5
1395,8.279722132525233E-6
1396,8.279722132525233E-6
1397,8.279722132525233E-6
1399,1.6559444265050466E-5
1401,8.279722132525233E-6
1402,8.279722132525233E-6
1403,1.6559444265050466E-5
1404,1.6559444265050466E-5
1405,1.6559444265050466E-5
1406,8.279722132525233E-6
1407,1.6559444265050466E-5
1409,8.279722132525233E-6
1410,8.279722132525233E-6
1411,2.4839166397575698E-5
1412,8.279722132525233E-6
1414,1.6559444265050466E-5
1415,1.6559444265050466E-5
1416,1.6559444265050466E-5
1417,8.279722132525233E-6
1419,1.6559444265050466E-5
1420,8.279722132525233E-6
1421,1.6559444265050466E-5
1422,1.6559444265050466E-5
1423,2.4839166397575698E-5
1424,1.6559444265050466E-5
1426,8.279722132525233E-6
1427,1.6559444265050466E-5
1429,2.4839166397575698E-5
1430,8.279722132525233E-6
1431,1.6559444265050466E-5
1433,8.279722132525233E-6
1434,8.279722132525233E-6
1435,8.279722132525233E-6
1437,8.279722132525233E-6
1439,1.6559444265050466E-5
1440,8.279722132525233E-6
1441,1.6559444265050466E-5
1442,8.279722132525233E-6
1443,8.279722132525233E-6
1444,8.279722132525233E-6
1446,8.279722132525233E-6
1447,1.6559444265050466E-5
1448,8.279722132525233E-6
1449,8.279722132525233E-6
1450,1.6559444265050466E-5
1451,1.6559444265050466E-5
1454,8.279722132525233E-6
1456,8.279722132525233E-6
1457,8.279722132525233E-6
1458,8.279722132525233E-6
1460,8.279722132525233E-6
1461,3.311888853010093E-5
1462,1.6559444265050466E-5
1463,1.6559444265050466E-5
1464,1.6559444265050466E-5
1466,1.6559444265050466E-5
1469,1.6559444265050466E-5
1470,8.279722132525233E-6
1471,8.279722132525233E-6
1472,8.279722132525233E-6
1473,8.279722132525233E-6
1474,8.279722132525233E-6
1477,8.279722132525233E-6
1479,2.4839166397575698E-5
1480,1.6559444265050466E-5
1481,2.4839166397575698E-5
1482,8.279722132525233E-6
1483,2.4839166397575698E-5
1484,8.279722132525233E-6
1485,8.279722132525233E-6
1489,4.1398610662626164E-5
1490,1.6559444265050466E-5
1491,1.6559444265050466E-5
1492,1.6559444265050466E-5
1493,2.4839166397575698E-5
1494,1.6559444265050466E-5
1496,8.279722132525233E-6
1497,8.279722132525233E-6
1498,1.6559444265050466E-5
1500,1.6559444265050466E-5
1502,8.279722132525233E-6
1505,8.279722132525233E-6
1506,8.279722132525233E-6
1508,8.279722132525233E-6
1510,8.279722132525233E-6
1511,1.6559444265050466E-5
1512,8.279722132525233E-6
1517,8.279722132525233E-6
1519,8.279722132525233E-6
1520,8.279722132525233E-6
1521,2.4839166397575698E-5
1524,8.279722132525233E-6
1526,1.6559444265050466E-5
1527,8.279722132525233E-6
1528,8.279722132525233E-6
1534,8.279722132525233E-6
1537,2.4839166397575698E-5
1539,8.279722132525233E-6
1540,8.279722132525233E-6
1541,3.311888853010093E-5
1542,1.6559444265050466E-5
1544,1.6559444265050466E-5
1545,1.6559444265050466E-5
1546,8.279722132525233E-6
1547,8.279722132525233E-6
1548,2.4839166397575698E-5
1549,8.279722132525233E-6
1551,1.6559444265050466E-5
1552,1.6559444265050466E-5
1553,8.279722132525233E-6
1554,8.279722132525233E-6
1556,8.279722132525233E-6
1557,1.6559444265050466E-5
1558,1.6559444265050466E-5
1560,1.6559444265050466E-5
1561,8.279722132525233E-6
1562,8.279722132525233E-6
1564,2.4839166397575698E-5
1565,8.279722132525233E-6
1566,8.279722132525233E-6
1567,8.279722132525233E-6
1569,8.279722132525233E-6
1570,1.6559444265050466E-5
1573,1.6559444265050466E-5
1575,1.6559444265050466E-5
1576,1.6559444265050466E-5
1579,2.4839166397575698E-5
1580,1.6559444265050466E-5
1581,8.279722132525233E-6
1582,8.279722132525233E-6
1584,8.279722132525233E-6
1585,8.279722132525233E-6
1587,2.4839166397575698E-5
1589,8.279722132525233E-6
1590,1.6559444265050466E-5
1591,1.6559444265050466E-5
1595,8.279722132525233E-6
1596,2.4839166397575698E-5
1598,8.279722132525233E-6
1602,2.4839166397575698E-5
1604,2.4839166397575698E-5
1606,8.279722132525233E-6
1608,2.4839166397575698E-5
1609,8.279722132525233E-6
1611,1.6559444265050466E-5
1613,8.279722132525233E-6
1614,8.279722132525233E-6
1615,1.6559444265050466E-5
1618,8.279722132525233E-6
1619,8.279722132525233E-6
1621,8.279722132525233E-6
1622,8.279722132525233E-6
1623,8.279722132525233E-6
1624,1.6559444265050466E-5
1625,1.6559444265050466E-5
1626,1.6559444265050466E-5
1627,2.4839166397575698E-5
1628,1.6559444265050466E-5
1631,8.279722132525233E-6
1632,1.6559444265050466E-5
1634,8.279722132525233E-6
1635,3.311888853010093E-5
1636,1.6559444265050466E-5
1638,8.279722132525233E-6
1640,8.279722132525233E-6
1641,1.6559444265050466E-5
1642,8.279722132525233E-6
1643,2.4839166397575698E-5
1644,8.279722132525233E-6
1647,8.279722132525233E-6
1651,8.279722132525233E-6
1652,8.279722132525233E-6
1654,1.6559444265050466E-5
1656,3.311888853010093E-5
1660,1.6559444265050466E-5
1663,8.279722132525233E-6
1665,1.6559444265050466E-5
1666,2.4839166397575698E-5
1667,8.279722132525233E-6
1670,8.279722132525233E-6
1671,1.6559444265050466E-5
1672,8.279722132525233E-6
1675,8.279722132525233E-6
1676,8.279722132525233E-6
1677,1.6559444265050466E-5
1679,1.6559444265050466E-5
1680,8.279722132525233E-6
1681,8.279722132525233E-6
1682,8.279722132525233E-6
1683,1.6559444265050466E-5
1684,1.6559444265050466E-5
1685,1.6559444265050466E-5
1686,1.6559444265050466E-5
1687,8.279722132525233E-6
1688,1.6559444265050466E-5
1689,8.279722132525233E-6
1691,8.279722132525233E-6
1692,1.6559444265050466E-5
1695,1.6559444265050466E-5
1697,1.6559444265050466E-5
1699,8.279722132525233E-6
1700,1.6559444265050466E-5
1701,8.279722132525233E-6
1702,3.311888853010093E-5
1705,8.279722132525233E-6
1708,8.279722132525233E-6
1710,8.279722132525233E-6
1711,8.279722132525233E-6
1713,8.279722132525233E-6
1715,8.279722132525233E-6
1716,2.4839166397575698E-5
1717,8.279722132525233E-6
1718,8.279722132525233E-6
1719,8.279722132525233E-6
1720,1.6559444265050466E-5
1722,8.279722132525233E-6
1723,8.279722132525233E-6
1725,8.279722132525233E-6
1728,1.6559444265050466E-5
1729,8.279722132525233E-6
1730,8.279722132525233E-6
1731,1.6559444265050466E-5
1732,1.6559444265050466E-5
1733,1.6559444265050466E-5
1734,8.279722132525233E-6
1736,8.279722132525233E-6
1737,8.279722132525233E-6
1741,8.279722132525233E-6
1742,8.279722132525233E-6
1743,8.279722132525233E-6
1744,8.279722132525233E-6
1745,8.279722132525233E-6
1746,8.279722132525233E-6
1747,1.6559444265050466E-5
1748,1.6559444265050466E-5
1750,8.279722132525233E-6
1752,8.279722132525233E-6
1754,8.279722132525233E-6
1755,8.279722132525233E-6
1758,8.279722132525233E-6
1759,8.279722132525233E-6
1760,1.6559444265050466E-5
1761,2.4839166397575698E-5
1762,1.6559444265050466E-5
1763,4.1398610662626164E-5
1765,8.279722132525233E-6
1766,1.6559444265050466E-5
1767,2.4839166397575698E-5
1768,8.279722132525233E-6
1769,1.6559444265050466E-5
1770,8.279722132525233E-6
1771,8.279722132525233E-6
1772,8.279722132525233E-6
1773,1.6559444265050466E-5
1774,0.0
1775,8.279722132525233E-6
1776,8.279722132525233E-6
1778,8.279722132525233E-6
1779,8.279722132525233E-6
1780,8.279722132525233E-6
1781,8.279722132525233E-6
1784,1.6559444265050466E-5
1785,8.279722132525233E-6
1786,8.279722132525233E-6
1788,8.279722132525233E-6
1789,2.4839166397575698E-5
1790,8.279722132525233E-6
1793,8.279722132525233E-6
1795,8.279722132525233E-6
1796,1.6559444265050466E-5
1798,8.279722132525233E-6
1799,8.279722132525233E-6
1802,2.4839166397575698E-5
1803,8.279722132525233E-6
1804,1.6559444265050466E-5
1805,1.6559444265050466E-5
1806,8.279722132525233E-6
1807,8.279722132525233E-6
1808,8.279722132525233E-6
1809,8.279722132525233E-6
1811,8.279722132525233E-6
1812,8.279722132525233E-6
1814,8.279722132525233E-6
1815,1.6559444265050466E-5
1816,8.279722132525233E-6
1817,8.279722132525233E-6
1821,8.279722132525233E-6
1823,8.279722132525233E-6
1824,1.6559444265050466E-5
1825,1.6559444265050466E-5
1827,8.279722132525233E-6
1830,1.6559444265050466E-5
1831,8.279722132525233E-6
1836,8.279722132525233E-6
1837,8.279722132525233E-6
1838,1.6559444265050466E-5
1840,8.279722132525233E-6
1841,2.4839166397575698E-5
1843,8.279722132525233E-6
1844,3.311888853010093E-5
1846,2.4839166397575698E-5
1847,8.279722132525233E-6
1849,8.279722132525233E-6
1852,1.6559444265050466E-5
1854,8.279722132525233E-6
1859,8.279722132525233E-6
1861,8.279722132525233E-6
1862,8.279722132525233E-6
1863,8.279722132525233E-6
1865,2.4839166397575698E-5
1866,1.6559444265050466E-5
1868,1.6559444265050466E-5
1870,8.279722132525233E-6
1874,8.279722132525233E-6
1875,8.279722132525233E-6
1877,8.279722132525233E-6
1882,8.279722132525233E-6
1883,8.279722132525233E-6
1885,8.279722132525233E-6
1886,1.6559444265050466E-5
1887,8.279722132525233E-6
1892,1.6559444265050466E-5
1894,8.279722132525233E-6
1896,3.311888853010093E-5
1898,1.6559444265050466E-5
1900,8.279722132525233E-6
1903,1.6559444265050466E-5
1905,8.279722132525233E-6
1907,1.6559444265050466E-5
1912,1.6559444265050466E-5
1913,8.279722132525233E-6
1914,8.279722132525233E-6
1917,1.6559444265050466E-5
1918,8.279722132525233E-6
1922,8.279722132525233E-6
1924,1.6559444265050466E-5
1928,8.279722132525233E-6
1929,8.279722132525233E-6
1930,1.6559444265050466E-5
1931,8.279722132525233E-6
1932,8.279722132525233E-6
1934,8.279722132525233E-6
1936,8.279722132525233E-6
1937,1.6559444265050466E-5
1938,1.6559444265050466E-5
1940,8.279722132525233E-6
1942,8.279722132525233E-6
1943,8.279722132525233E-6
1944,8.279722132525233E-6
1945,8.279722132525233E-6
1946,8.279722132525233E-6
1947,8.279722132525233E-6
1948,8.279722132525233E-6
1949,1.6559444265050466E-5
1951,1.6559444265050466E-5
1952,8.279722132525233E-6
1957,1.6559444265050466E-5
1958,8.279722132525233E-6
1961,8.279722132525233E-6
1964,1.6559444265050466E-5
1967,8.279722132525233E-6
1970,8.279722132525233E-6
1971,8.279722132525233E-6
1973,1.6559444265050466E-5
1976,8.279722132525233E-6
1977,8.279722132525233E-6
1978,8.279722132525233E-6
1979,8.279722132525233E-6
1981,8.279722132525233E-6
1982,1.6559444265050466E-5
1983,8.279722132525233E-6
1985,1.6559444265050466E-5
1986,1.6559444265050466E-5
1989,8.279722132525233E-6
1992,1.6559444265050466E-5
1994,8.279722132525233E-6
1995,8.279722132525233E-6
1996,8.279722132525233E-6
1998,8.279722132525233E-6
2003,8.279722132525233E-6
2006,1.6559444265050466E-5
2008,8.279722132525233E-6
2009,8.279722132525233E-6
2015,1.6559444265050466E-5
2016,8.279722132525233E-6
2027,8.279722132525233E-6
2029,8.279722132525233E-6
2030,1.6559444265050466E-5
2032,8.279722132525233E-6
2033,8.279722132525233E-6
2035,1.6559444265050466E-5
2039,1.6559444265050466E-5
2045,8.279722132525233E-6
2048,8.279722132525233E-6
2052,8.279722132525233E-6
2055,8.279722132525233E-6
2057,8.279722132525233E-6
2058,1.6559444265050466E-5
2062,8.279722132525233E-6
2064,8.279722132525233E-6
2065,1.6559444265050466E-5
2066,8.279722132525233E-6
2067,8.279722132525233E-6
2069,1.6559444265050466E-5
2070,8.279722132525233E-6
2072,8.279722132525233E-6
2073,8.279722132525233E-6
2074,8.279722132525233E-6
2078,8.279722132525233E-6
2079,1.6559444265050466E-5
2080,8.279722132525233E-6
2083,1.6559444265050466E-5
2084,8.279722132525233E-6
2085,8.279722132525233E-6
2088,8.279722132525233E-6
2091,8.279722132525233E-6
2092,1.6559444265050466E-5
2094,1.6559444265050466E-5
2095,8.279722132525233E-6
2101,8.279722132525233E-6
2106,8.279722132525233E-6
2107,8.279722132525233E-6
2112,2.4839166397575698E-5
2113,8.279722132525233E-6
2114,8.279722132525233E-6
2115,8.279722132525233E-6
2119,8.279722132525233E-6
2123,8.279722132525233E-6
2127,8.279722132525233E-6
2128,8.279722132525233E-6
2130,8.279722132525233E-6
2132,8.279722132525233E-6
2135,8.279722132525233E-6
2137,8.279722132525233E-6
2138,8.279722132525233E-6
2141,8.279722132525233E-6
2142,8.279722132525233E-6
2143,8.279722132525233E-6
2144,8.279722132525233E-6
2146,8.279722132525233E-6
2147,8.279722132525233E-6
2151,8.279722132525233E-6
2155,3.311888853010093E-5
2159,1.6559444265050466E-5
2160,8.279722132525233E-6
2161,8.279722132525233E-6
2167,8.279722132525233E-6
2168,8.279722132525233E-6
2170,8.279722132525233E-6
2172,8.279722132525233E-6
2173,1.6559444265050466E-5
2177,8.279722132525233E-6
2178,8.279722132525233E-6
2181,8.279722132525233E-6
2182,1.6559444265050466E-5
2184,8.279722132525233E-6
2189,8.279722132525233E-6
2190,8.279722132525233E-6
2191,8.279722132525233E-6
2193,8.279722132525233E-6
2194,8.279722132525233E-6
2195,8.279722132525233E-6
2197,1.6559444265050466E-5
2201,8.279722132525233E-6
2202,8.279722132525233E-6
2208,8.279722132525233E-6
2209,2.4839166397575698E-5
2211,1.6559444265050466E-5
2215,8.279722132525233E-6
2216,8.279722132525233E-6
2221,8.279722132525233E-6
2226,8.279722132525233E-6
2227,8.279722132525233E-6
2228,1.6559444265050466E-5
2229,8.279722132525233E-6
2230,1.6559444265050466E-5
2233,8.279722132525233E-6
2236,8.279722132525233E-6
2237,2.4839166397575698E-5
2238,1.6559444265050466E-5
2242,8.279722132525233E-6
2243,1.6559444265050466E-5
2246,8.279722132525233E-6
2249,2.4839166397575698E-5
2251,8.279722132525233E-6
2255,8.279722132525233E-6
2257,8.279722132525233E-6
2259,8.279722132525233E-6
2260,8.279722132525233E-6
2261,8.279722132525233E-6
2262,8.279722132525233E-6
2263,8.279722132525233E-6
2265,2.4839166397575698E-5
2267,8.279722132525233E-6
2270,1.6559444265050466E-5
2271,1.6559444265050466E-5
2273,8.279722132525233E-6
2274,8.279722132525233E-6
2275,8.279722132525233E-6
2286,8.279722132525233E-6
2288,8.279722132525233E-6
2290,8.279722132525233E-6
2293,8.279722132525233E-6
2298,1.6559444265050466E-5
2299,1.6559444265050466E-5
2300,8.279722132525233E-6
2301,1.6559444265050466E-5
2304,1.6559444265050466E-5
2305,1.6559444265050466E-5
2308,8.279722132525233E-6
2309,8.279722132525233E-6
2311,1.6559444265050466E-5
2315,8.279722132525233E-6
2321,1.6559444265050466E-5
2323,8.279722132525233E-6
2326,8.279722132525233E-6
2327,8.279722132525233E-6
2328,8.279722132525233E-6
2329,8.279722132525233E-6
2332,8.279722132525233E-6
2333,1.6559444265050466E-5
2338,1.6559444265050466E-5
2339,8.279722132525233E-6
2343,8.279722132525233E-6
2344,8.279722132525233E-6
2345,1.6559444265050466E-5
2346,1.6559444265050466E-5
2355,8.279722132525233E-6
2361,8.279722132525233E-6
2369,8.279722132525233E-6
2371,8.279722132525233E-6
2373,8.279722132525233E-6
2378,8.279722132525233E-6
2379,8.279722132525233E-6
2380,8.279722132525233E-6
2381,2.4839166397575698E-5
2382,8.279722132525233E-6
2383,1.6559444265050466E-5
2384,1.6559444265050466E-5
2385,8.279722132525233E-6
2387,8.279722132525233E-6
2388,8.279722132525233E-6
2391,8.279722132525233E-6
2396,8.279722132525233E-6
2401,1.6559444265050466E-5
2402,8.279722132525233E-6
2407,8.279722132525233E-6
2413,8.279722132525233E-6
2414,1.6559444265050466E-5
2418,8.279722132525233E-6
2419,8.279722132525233E-6
2420,8.279722132525233E-6
2425,8.279722132525233E-6
2427,8.279722132525233E-6
2431,8.279722132525233E-6
2440,8.279722132525233E-6
2452,8.279722132525233E-6
2455,8.279722132525233E-6
2460,8.279722132525233E-6
2463,8.279722132525233E-6
2467,8.279722132525233E-6
2472,8.279722132525233E-6
2475,8.279722132525233E-6
2478,8.279722132525233E-6
2479,8.279722132525233E-6
2484,8.279722132525233E-6
2486,8.279722132525233E-6
2487,8.279722132525233E-6
2492,1.6559444265050466E-5
2496,1.6559444265050466E-5
2499,8.279722132525233E-6
2502,8.279722132525233E-6
2505,8.279722132525233E-6
2508,8.279722132525233E-6
2510,1.6559444265050466E-5
2512,8.279722132525233E-6
2513,8.279722132525233E-6
2515,8.279722132525233E-6
2521,8.279722132525233E-6
2522,8.279722132525233E-6
2524,8.279722132525233E-6
2528,1.6559444265050466E-5
2533,8.279722132525233E-6
2534,8.279722132525233E-6
2538,1.6559444265050466E-5
2539,8.279722132525233E-6
2540,1.6559444265050466E-5
2543,8.279722132525233E-6
2547,8.279722132525233E-6
2549,8.279722132525233E-6
2552,1.6559444265050466E-5
2558,2.4839166397575698E-5
2564,8.279722132525233E-6
2569,8.279722132525233E-6
2570,8.279722132525233E-6
2582,8.279722132525233E-6
2584,8.279722132525233E-6
2585,8.279722132525233E-6
2589,8.279722132525233E-6
2591,8.279722132525233E-6
2598,8.279722132525233E-6
2602,8.279722132525233E-6
2603,8.279722132525233E-6
2605,1.6559444265050466E-5
2610,8.279722132525233E-6
2619,8.279722132525233E-6
2620,8.279722132525233E-6
2621,8.279722132525233E-6
2625,8.279722132525233E-6
2626,8.279722132525233E-6
2630,8.279722132525233E-6
2635,8.279722132525233E-6
2636,1.6559444265050466E-5
2641,8.279722132525233E-6
2642,8.279722132525233E-6
2645,8.279722132525233E-6
2649,8.279722132525233E-6
2666,8.279722132525233E-6
2671,8.279722132525233E-6
2672,8.279722132525233E-6
2677,8.279722132525233E-6
2679,8.279722132525233E-6
2681,8.279722132525233E-6
2688,8.279722132525233E-6
2695,8.279722132525233E-6
2696,8.279722132525233E-6
2701,8.279722132525233E-6
2706,8.279722132525233E-6
2712,8.279722132525233E-6
2719,1.6559444265050466E-5
2721,8.279722132525233E-6
2729,8.279722132525233E-6
2732,8.279722132525233E-6
2733,8.279722132525233E-6
2741,8.279722132525233E-6
2744,8.279722132525233E-6
2748,8.279722132525233E-6
2749,8.279722132525233E-6
2751,8.279722132525233E-6
2753,8.279722132525233E-6
2756,8.279722132525233E-6
2761,8.279722132525233E-6
2762,8.279722132525233E-6
2763,8.279722132525233E-6
2768,8.279722132525233E-6
2772,8.279722132525233E-6
2776,8.279722132525233E-6
2784,8.279722132525233E-6
2790,8.279722132525233E-6
2796,8.279722132525233E-6
2798,8.279722132525233E-6
2802,8.279722132525233E-6
2811,1.6559444265050466E-5
2821,8.279722132525233E-6
2824,8.279722132525233E-6
2826,8.279722132525233E-6
2827,8.279722132525233E-6
2831,8.279722132525233E-6
2838,8.279722132525233E-6
2845,8.279722132525233E-6
2849,8.279722132525233E-6
2850,8.279722132525233E-6
2851,8.279722132525233E-6
2852,8.279722132525233E-6
2853,8.279722132525233E-6
2854,8.279722132525233E-6
2856,8.279722132525233E-6
2865,8.279722132525233E-6
2866,1.6559444265050466E-5
2874,8.279722132525233E-6
2876,8.279722132525233E-6
2879,8.279722132525233E-6
2881,8.279722132525233E-6
2885,8.279722132525233E-6
2890,8.279722132525233E-6
2894,8.279722132525233E-6
2899,8.279722132525233E-6
2900,8.279722132525233E-6
2904,1.6559444265050466E-5
2906,8.279722132525233E-6
2910,8.279722132525233E-6
2914,1.6559444265050466E-5
2919,8.279722132525233E-6
2920,8.279722132525233E-6
2923,8.279722132525233E-6
2925,8.279722132525233E-6
2926,8.279722132525233E-6
2927,8.279722132525233E-6
2928,8.279722132525233E-6
2929,8.279722132525233E-6
2931,2.4839166397575698E-5
2934,8.279722132525233E-6
2935,8.279722132525233E-6
2939,8.279722132525233E-6
2942,8.279722132525233E-6
2944,8.279722132525233E-6
2945,8.279722132525233E-6
2947,8.279722132525233E-6
2951,8.279722132525233E-6
2957,8.279722132525233E-6
2960,8.279722132525233E-6
2970,8.279722132525233E-6
2973,8.279722132525233E-6
2977,8.279722132525233E-6
2981,8.279722132525233E-6
2982,8.279722132525233E-6
2985,1.6559444265050466E-5
2991,8.279722132525233E-6
3002,8.279722132525233E-6
3004,8.279722132525233E-6
3015,8.279722132525233E-6
3016,8.279722132525233E-6
3021,8.279722132525233E-6
3025,8.279722132525233E-6
3026,8.279722132525233E-6
3029,8.279722132525233E-6
3030,8.279722132525233E-6
3044,8.279722132525233E-6
3047,8.279722132525233E-6
3049,8.279722132525233E-6
3056,8.279722132525233E-6
3058,8.279722132525233E-6
3062,8.279722132525233E-6
3063,8.279722132525233E-6
3072,8.279722132525233E-6
3073,8.279722132525233E-6
3077,8.279722132525233E-6
3079,1.6559444265050466E-5
3086,8.279722132525233E-6
3087,8.279722132525233E-6
3092,8.279722132525233E-6
3094,1.6559444265050466E-5
3120,8.279722132525233E-6
3123,1.6559444265050466E-5
3130,8.279722132525233E-6
3131,8.279722132525233E-6
3137,8.279722132525233E-6
3140,1.6559444265050466E-5
3146,8.279722132525233E-6
3155,8.279722132525233E-6
3157,8.279722132525233E-6
3159,1.6559444265050466E-5
3162,8.279722132525233E-6
3164,8.279722132525233E-6
3167,8.279722132525233E-6
3168,8.279722132525233E-6
3169,8.279722132525233E-6
3170,8.279722132525233E-6
3177,8.279722132525233E-6
3180,8.279722132525233E-6
3184,8.279722132525233E-6
3187,8.279722132525233E-6
3189,8.279722132525233E-6
3190,8.279722132525233E-6
3203,8.279722132525233E-6
3206,8.279722132525233E-6
3208,8.279722132525233E-6
3210,8.279722132525233E-6
3224,8.279722132525233E-6
3228,8.279722132525233E-6
3231,8.279722132525233E-6
3232,8.279722132525233E-6
3238,8.279722132525233E-6
3251,8.279722132525233E-6
3252,8.279722132525233E-6
3268,8.279722132525233E-6
3269,1.6559444265050466E-5
3290,2.4839166397575698E-5
3294,8.279722132525233E-6
3296,8.279722132525233E-6
3298,8.279722132525233E-6
3300,1.6559444265050466E-5
3302,8.279722132525233E-6
3305,8.279722132525233E-6
3312,8.279722132525233E-6
3317,8.279722132525233E-6
3319,8.279722132525233E-6
3327,8.279722132525233E-6
3331,8.279722132525233E-6
3340,8.279722132525233E-6
3342,8.279722132525233E-6
3353,8.279722132525233E-6
3358,8.279722132525233E-6
3362,8.279722132525233E-6
3363,8.279722132525233E-6
3367,8.279722132525233E-6
3382,8.279722132525233E-6
3385,8.279722132525233E-6
3389,1.6559444265050466E-5
3400,8.279722132525233E-6
3402,8.279722132525233E-6
3408,8.279722132525233E-6
3409,8.279722132525233E-6
3412,8.279722132525233E-6
3413,8.279722132525233E-6
3425,8.279722132525233E-6
3433,8.279722132525233E-6
3434,8.279722132525233E-6
3438,8.279722132525233E-6
3440,8.279722132525233E-6
3449,8.279722132525233E-6
3454,8.279722132525233E-6
3458,8.279722132525233E-6
3477,8.279722132525233E-6
3478,8.279722132525233E-6
3480,8.279722132525233E-6
3482,8.279722132525233E-6
3485,8.279722132525233E-6
3488,8.279722132525233E-6
3510,8.279722132525233E-6
3518,8.279722132525233E-6
3520,8.279722132525233E-6
3540,8.279722132525233E-6
3544,8.279722132525233E-6
3546,8.279722132525233E-6
3553,1.6559444265050466E-5
3556,8.279722132525233E-6
3568,8.279722132525233E-6
3584,8.279722132525233E-6
3585,8.279722132525233E-6
3588,8.279722132525233E-6
3594,8.279722132525233E-6
3597,8.279722132525233E-6
3600,8.279722132525233E-6
3609,8.279722132525233E-6
3611,8.279722132525233E-6
3616,8.279722132525233E-6
3629,8.279722132525233E-6
3631,8.279722132525233E-6
3638,8.279722132525233E-6
3639,8.279722132525233E-6
3641,8.279722132525233E-6
3645,8.279722132525233E-6
3654,8.279722132525233E-6
3657,8.279722132525233E-6
3661,8.279722132525233E-6
3666,8.279722132525233E-6
3667,8.279722132525233E-6
3672,8.279722132525233E-6
3688,2.4839166397575698E-5
3695,8.279722132525233E-6
3701,8.279722132525233E-6
3702,1.6559444265050466E-5
3704,8.279722132525233E-6
3707,8.279722132525233E-6
3711,8.279722132525233E-6
3721,8.279722132525233E-6
3732,8.279722132525233E-6
3742,8.279722132525233E-6
3747,8.279722132525233E-6
3748,8.279722132525233E-6
3758,8.279722132525233E-6
3761,8.279722132525233E-6
3767,8.279722132525233E-6
3768,8.279722132525233E-6
3790,8.279722132525233E-6
3801,8.279722132525233E-6
3806,8.279722132525233E-6
3810,8.279722132525233E-6
3820,8.279722132525233E-6
3829,8.279722132525233E-6
3831,8.279722132525233E-6
3843,8.279722132525233E-6
3848,8.279722132525233E-6
3856,8.279722132525233E-6
3868,1.6559444265050466E-5
3881,8.279722132525233E-6
3883,8.279722132525233E-6
3884,8.279722132525233E-6
3894,8.279722132525233E-6
3898,8.279722132525233E-6
3908,8.279722132525233E-6
3911,2.4839166397575698E-5
3912,8.279722132525233E-6
3924,8.279722132525233E-6
3936,8.279722132525233E-6
3944,8.279722132525233E-6
3948,8.279722132525233E-6
3977,8.279722132525233E-6
3983,8.279722132525233E-6
3984,1.6559444265050466E-5
3985,1.6559444265050466E-5
3992,8.279722132525233E-6
4006,8.279722132525233E-6
4008,2.4839166397575698E-5
4011,8.279722132525233E-6
4015,1.6559444265050466E-5
4021,8.279722132525233E-6
4022,8.279722132525233E-6
4028,1.6559444265050466E-5
4029,8.279722132525233E-6
4035,8.279722132525233E-6
4036,8.279722132525233E-6
4062,8.279722132525233E-6
4065,8.279722132525233E-6
4080,8.279722132525233E-6
4096,8.279722132525233E-6
4099,8.279722132525233E-6
4107,8.279722132525233E-6
4110,8.279722132525233E-6
4116,8.279722132525233E-6
4122,8.279722132525233E-6
4129,8.279722132525233E-6
4147,8.279722132525233E-6
4169,8.279722132525233E-6
4179,8.279722132525233E-6
4180,8.279722132525233E-6
4182,8.279722132525233E-6
4191,8.279722132525233E-6
4205,8.279722132525233E-6
4210,8.279722132525233E-6
4220,8.279722132525233E-6
4254,8.279722132525233E-6
4273,8.279722132525233E-6
4276,8.279722132525233E-6
4283,8.279722132525233E-6
4285,8.279722132525233E-6
4312,8.279722132525233E-6
4322,8.279722132525233E-6
4338,8.279722132525233E-6
4341,8.279722132525233E-6
4347,8.279722132525233E-6
4349,8.279722132525233E-6
4355,8.279722132525233E-6
4357,8.279722132525233E-6
4366,8.279722132525233E-6
4375,8.279722132525233E-6
4377,8.279722132525233E-6
4397,8.279722132525233E-6
4399,8.279722132525233E-6
4412,8.279722132525233E-6
4430,8.279722132525233E-6
4435,8.279722132525233E-6
4455,8.279722132525233E-6
4459,8.279722132525233E-6
4464,8.279722132525233E-6
4497,8.279722132525233E-6
4508,8.279722132525233E-6
4511,8.279722132525233E-6
4533,8.279722132525233E-6
4541,8.279722132525233E-6
4556,8.279722132525233E-6
4579,8.279722132525233E-6
4584,8.279722132525233E-6
4591,1.6559444265050466E-5
4593,8.279722132525233E-6
4595,8.279722132525233E-6
4614,8.279722132525233E-6
4615,8.279722132525233E-6
4628,8.279722132525233E-6
4629,8.279722132525233E-6
4638,8.279722132525233E-6
4641,8.279722132525233E-6
4663,8.279722132525233E-6
4668,8.279722132525233E-6
4694,8.279722132525233E-6
4695,8.279722132525233E-6
4707,8.279722132525233E-6
4714,8.279722132525233E-6
4727,8.279722132525233E-6
4749,8.279722132525233E-6
4753,8.279722132525233E-6
4762,8.279722132525233E-6
4768,8.279722132525233E-6
4774,8.279722132525233E-6
4799,8.279722132525233E-6
4802,8.279722132525233E-6
4805,8.279722132525233E-6
4818,8.279722132525233E-6
4836,8.279722132525233E-6
4839,8.279722132525233E-6
4844,8.279722132525233E-6
4865,8.279722132525233E-6
4901,8.279722132525233E-6
4912,8.279722132525233E-6
4921,8.279722132525233E-6
4926,8.279722132525233E-6
4945,8.279722132525233E-6
4952,8.279722132525233E-6
4982,8.279722132525233E-6
5008,8.279722132525233E-6
5013,8.279722132525233E-6
5016,8.279722132525233E-6
5039,8.279722132525233E-6
5052,8.279722132525233E-6
5064,8.279722132525233E-6
5076,8.279722132525233E-6
5080,8.279722132525233E-6
5096,8.279722132525233E-6
5098,8.279722132525233E-6
5147,8.279722132525233E-6
5162,8.279722132525233E-6
5175,8.279722132525233E-6
5184,8.279722132525233E-6
5186,8.279722132525233E-6
5197,8.279722132525233E-6
5204,8.279722132525233E-6
5226,8.279722132525233E-6
5238,8.279722132525233E-6
5241,8.279722132525233E-6
5242,8.279722132525233E-6
5260,8.279722132525233E-6
5263,8.279722132525233E-6
5308,8.279722132525233E-6
5309,8.279722132525233E-6
5311,8.279722132525233E-6
5315,8.279722132525233E-6
5348,8.279722132525233E-6
5388,8.279722132525233E-6
5409,8.279722132525233E-6
5426,8.279722132525233E-6
5432,8.279722132525233E-6
5443,8.279722132525233E-6
5444,8.279722132525233E-6
5452,8.279722132525233E-6
5458,8.279722132525233E-6
5468,8.279722132525233E-6
5511,8.279722132525233E-6
5523,8.279722132525233E-6
5539,8.279722132525233E-6
5551,8.279722132525233E-6
5554,8.279722132525233E-6
5580,8.279722132525233E-6
5597,8.279722132525233E-6
5623,8.279722132525233E-6
5646,8.279722132525233E-6
5668,8.279722132525233E-6
5678,8.279722132525233E-6
5721,8.279722132525233E-6
5728,8.279722132525233E-6
5743,8.279722132525233E-6
5745,8.279722132525233E-6
5759,8.279722132525233E-6
5773,8.279722132525233E-6
5778,8.279722132525233E-6
5864,8.279722132525233E-6
5916,8.279722132525233E-6
5928,8.279722132525233E-6
5931,8.279722132525233E-6
5942,8.279722132525233E-6
5972,8.279722132525233E-6
5980,8.279722132525233E-6
5987,8.279722132525233E-6
5991,8.279722132525233E-6
5998,8.279722132525233E-6
6014,8.279722132525233E-6
6019,8.279722132525233E-6
6071,8.279722132525233E-6
6075,8.279722132525233E-6
6123,8.279722132525233E-6
6159,8.279722132525233E-6
6228,8.279722132525233E-6
6247,8.279722132525233E-6
6256,8.279722132525233E-6
6274,8.279722132525233E-6
6302,8.279722132525233E-6
6324,8.279722132525233E-6
6338,8.279722132525233E-6
6358,8.279722132525233E-6
6370,8.279722132525233E-6
6389,8.279722132525233E-6
6403,8.279722132525233E-6
6412,8.279722132525233E-6
6436,8.279722132525233E-6
6443,8.279722132525233E-6
6470,8.279722132525233E-6
6507,8.279722132525233E-6
6529,8.279722132525233E-6
6538,8.279722132525233E-6
6592,8.279722132525233E-6
6604,8.279722132525233E-6
6615,8.279722132525233E-6
6633,8.279722132525233E-6
6690,8.279722132525233E-6
6714,8.279722132525233E-6
6733,8.279722132525233E-6
6801,8.279722132525233E-6
6804,8.279722132525233E-6
6834,8.279722132525233E-6
6858,8.279722132525233E-6
6887,8.279722132525233E-6
6941,8.279722132525233E-6
6971,8.279722132525233E-6
6985,8.279722132525233E-6
6995,8.279722132525233E-6
7018,8.279722132525233E-6
7026,8.279722132525233E-6
7033,8.279722132525233E-6
7037,8.279722132525233E-6
7041,8.279722132525233E-6
7044,8.279722132525233E-6
7074,8.279722132525233E-6
7092,8.279722132525233E-6
7111,1.6559444265050466E-5
7126,8.279722132525233E-6
7136,8.279722132525233E-6
7212,8.279722132525233E-6
7221,8.279722132525233E-6
7237,8.279722132525233E-6
7269,8.279722132525233E-6
7276,8.279722132525233E-6
7309,8.279722132525233E-6
7419,8.279722132525233E-6
7474,8.279722132525233E-6
7475,8.279722132525233E-6
7481,8.279722132525233E-6
7533,8.279722132525233E-6
7553,8.279722132525233E-6
7606,8.279722132525233E-6
7680,8.279722132525233E-6
7699,8.279722132525233E-6
7727,8.279722132525233E-6
7750,8.279722132525233E-6
7775,8.279722132525233E-6
7789,8.279722132525233E-6
7814,8.279722132525233E-6
7957,8.279722132525233E-6
7971,8.279722132525233E-6
7980,8.279722132525233E-6
8024,8.279722132525233E-6
8070,8.279722132525233E-6
8213,8.279722132525233E-6
8246,8.279722132525233E-6
8317,8.279722132525233E-6
8340,8.279722132525233E-6
8349,8.279722132525233E-6
8391,8.279722132525233E-6
8453,8.279722132525233E-6
8468,8.279722132525233E-6
8521,8.279722132525233E-6
8533,8.279722132525233E-6
8538,8.279722132525233E-6
8540,8.279722132525233E-6
8558,8.279722132525233E-6
8648,8.279722132525233E-6
8683,8.279722132525233E-6
8701,8.279722132525233E-6
8710,8.279722132525233E-6
8733,8.279722132525233E-6
8737,1.6559444265050466E-5
8761,8.279722132525233E-6
8789,8.279722132525233E-6
8903,8.279722132525233E-6
8925,8.279722132525233E-6
8945,8.279722132525233E-6
8960,8.279722132525233E-6
8977,8.279722132525233E-6
9062,8.279722132525233E-6
9136,8.279722132525233E-6
9148,8.279722132525233E-6
9164,8.279722132525233E-6
9180,8.279722132525233E-6
9206,8.279722132525233E-6
9264,8.279722132525233E-6
9402,8.279722132525233E-6
9514,8.279722132525233E-6
9528,8.279722132525233E-6
9629,8.279722132525233E-6
9790,8.279722132525233E-6
9827,8.279722132525233E-6
9859,8.279722132525233E-6
9889,8.279722132525233E-6
9999,8.279722132525233E-6
10020,8.279722132525233E-6
10362,8.279722132525233E-6
10475,8.279722132525233E-6
10530,8.279722132525233E-6
10807,8.279722132525233E-6
10870,8.279722132525233E-6
11061,8.279722132525233E-6
11125,8.279722132525233E-6
11141,8.279722132525233E-6
11412,8.279722132525233E-6
11603,8.279722132525233E-6
11890,8.279722132525233E-6
11938,8.279722132525233E-6
12159,8.279722132525233E-6
12312,8.279722132525233E-6
12465,8.279722132525233E-6
12574,8.279722132525233E-6
12622,8.279722132525233E-6
12842,8.279722132525233E-6
13338,8.279722132525233E-6
13460,8.279722132525233E-6
13951,8.279722132525233E-6
14133,8.279722132525233E-6
15874,8.279722132525233E-6
16305,8.279722132525233E-6
18663,8.279722132525233E-6
19766,8.279722132525233E-6
20714,8.279722132525233E-6
20810,8.279722132525233E-6
20953,8.279722132525233E-6
20960,8.279722132525233E-6
21338,8.279722132525233E-6
22489,8.279722132525233E-6
25048,8.279722132525233E-6
28861,8.279722132525233E-6
31654,8.279722132525233E-6
32907,8.279722132525233E-6
37679,8.279722132525233E-6
88720,8.279722132525233E-6
